"0","tamaramorrison@hotmail.com","pbkdf2:sha256:600000$963LBAHlM10sf6lz$6cd4937fcfddf36c26b3043142df672e603c2456aa987b3e59643575560c9f34","Gary","Cross"
"1","woodtina@gmail.com","pbkdf2:sha256:600000$CDSLPYsybyAoSBVt$32ceceb347d4eb2bfafe456e66b31ed6d3e5cea2720d3d0a5262d74dcc33ef10","Denise","Thornton"
"2","rogersbrandon@yahoo.com","pbkdf2:sha256:600000$ZZCh51g57EkGriA0$ed4f364efe40583fcc0c7d16321fbf729a7f3396a2691711deff6cd46626f6e2","Christina","Saunders"
"3","davidbanks@yahoo.com","pbkdf2:sha256:600000$zI6oLKF8laEUg8gc$c07846fa730b5f6f86eb3ad7f4c347ebb2ab78b0dd7a827050b366b92090c200","Kathleen","Collins"
"4","samanthasims@yahoo.com","pbkdf2:sha256:600000$kkkqyQeY9JEuNCtV$4d4ff2798178e0bd9c35134475499f68edd723f02c5684a5c5305ab0f355163b","Timothy","Parker"
"5","amyvelazquez@gmail.com","pbkdf2:sha256:600000$jlDz6MQ2RcUhgFwJ$06e0b62ded180613672c202288d69c6a60d5611f49ba6a6f56a882ea920ea3ef","Dr.","DDS"
"6","dpatrick@gmail.com","pbkdf2:sha256:600000$TIaBePnyFrxlGOCi$175f3246f54bb082a81218261770e79b5b477e81f604d757185fd8fcb51a5cbc","John","Gibbs"
"7","huberrachel@gmail.com","pbkdf2:sha256:600000$QssyMZdwjriJdu84$a21b36334c52aeea32f7b1473c95d5fd4b1fb4f2b20ea206fc42720f2bac7fac","Julie","Chen"
"8","karicarter@yahoo.com","pbkdf2:sha256:600000$dEIuEmM1RvZCXoMv$a05fd20b4837c7b6c5cb7d349fa8deffd3699d533c25a42ae8d56e77d86683a6","Ashley","Cooper"
"9","bramirez@gmail.com","pbkdf2:sha256:600000$Y8fcgTzJ08c8DG0n$0ab916bd5d8f7108f50f4a7ee56b818ca8d9bf4ebb18665a3ceeb41b5669500b","Christina","Smith"
"10","mcdanielchristopher@hotmail.com","pbkdf2:sha256:600000$muZJvr2FMPVlOpHr$704c622eea274d1105c590575f6772403b5b663987bf0d5db7bc93b3fef272c1","Leslie","Taylor"
"11","fcarpenter@yahoo.com","pbkdf2:sha256:600000$FqIRNUPmxxRCKrUI$43487f6ec86627ddc432274eca1fd54ee67b87cf8c09dd2dfd9769665f190aa9","Amanda","Schultz"
"12","nhenson@yahoo.com","pbkdf2:sha256:600000$wAua21sCjcurJqLk$5e05046279a96b800f701c1959ba93627a6c01251cc2db6d36f85855b94a2dca","Kristen","Smith"
"13","taylorjamie@yahoo.com","pbkdf2:sha256:600000$Spw0rjCtX6JhxZU5$133357c97ad9bbc359bf2e5bde82d309fd8fab87fde89490f6ba370bceb3bcc4","Mitchell","Payne"
"14","areyes@yahoo.com","pbkdf2:sha256:600000$UFKCTDdSITJQfnpZ$4f8019018207f71affb197ffd7fead89869c703dae9fa92c7d1a66e66911e6a9","Katherine","Brown"
"15","zmorgan@yahoo.com","pbkdf2:sha256:600000$npeFXaf1SdH9o6cR$3dfa6a748aa03dde13e1ff50bb3908b906127d1dbfc1f9ed9048d295b21e793b","Jessica","Hancock"
"16","rfischer@yahoo.com","pbkdf2:sha256:600000$8cHAlkJGa7e4W0jq$c837fe44d4dc09a7a47a413653ea2759cce9e37b9a2d5e5a1ad2681010b7a0ed","Gloria","Smith"
"17","vasquezkathryn@gmail.com","pbkdf2:sha256:600000$nXwbhSpayNvBZ5xo$1bb4072c022323a27eba70ad7d9dcef0de6d535091bfd8f8f62935a09d89dc41","Miguel","Shields"
"18","kimberly87@gmail.com","pbkdf2:sha256:600000$mfkCS4zXQuqQX5qz$f664d369aefc83c9fbe8efa9def3ebbed3350ba0494533fc93fe6fe49bcabdcf","Kyle","Powell"
"19","wbrown@hotmail.com","pbkdf2:sha256:600000$LswZTEwP2eyWaplE$bc8406ea44ebd310fcbee169d6e353d69dd836b596f5aee335b7ac9170f80171","William","Hensley"
"20","pwilliams@hotmail.com","pbkdf2:sha256:600000$3RzGcnjiAKoBOuNI$de9f70d265f816dd61f3d9456549fe2f66517de7569a9d6c4555ecf69e5f1e4f","Brett","Donaldson"
"21","houstonwhitney@hotmail.com","pbkdf2:sha256:600000$jnklmidKmKn1wWfv$4a64d1ca7f39250ce6e60b41091159d16bce37b85cd8bd7be54b80d0ae5275e7","Thomas","Cook"
"22","pford@hotmail.com","pbkdf2:sha256:600000$Da7NSWxQvQEXm7zI$daf1291fea3fd41f624c79e0f682f2a7c4957507bfb33653d2688113e24df34c","Tina","Thompson"
"23","elizabeth32@hotmail.com","pbkdf2:sha256:600000$baVWKGBhW2k4Nj9G$9c994d25e735b15ca3acb01de4b9e1efafa9063da32546925fe474f90ae9fcfb","Lauren","Walters"
"24","nancy51@hotmail.com","pbkdf2:sha256:600000$Lhdcy82xiWffNK9C$366d49ef5d005dfa63ae43c040b62d09c59c7583d77d9196841a77a64d31521e","Troy","Hawkins"
"25","danielrobles@yahoo.com","pbkdf2:sha256:600000$CoviOuylCrlOmdNx$b703f4f90b1405c56b77346ae83b27cf15dc148634ee7a1247f0f0e4b43abefe","William","Bray"
"26","griffinpamela@hotmail.com","pbkdf2:sha256:600000$SdfHRilI8p0FBZ7R$fbb5d96342a82ed1de21ccc5f06efdcc598d43f849e7645b4aebe161bc6a636a","Melissa","Wells"
"27","qmyers@yahoo.com","pbkdf2:sha256:600000$H2j0KRA6hDwl6rbq$96369fd8d0c669be14454c3350a7386f82f8fa01e9cb31e0ff9257f1d02ff17b","Amy","Sanchez"
"28","jeremy94@gmail.com","pbkdf2:sha256:600000$H869ijjxvR0Siwi9$e269dac2bb0b7c90ba1c331765a1b117eda9bd5d5d1a255aca6702c95db7397d","Joshua","Jones"
"29","wendysteele@gmail.com","pbkdf2:sha256:600000$SmzPmvZ9IUHfgk4g$dfb43704c2728fb3782c9af9dbe31851953ebd9000227c00730ff83858dd8841","Zachary","Garcia"
"30","hartmanrobert@hotmail.com","pbkdf2:sha256:600000$PEmPmNzGumhqypTO$304b5100d19386f389c3ba10592211551e512cf3a4cf2f66edb8d90b69d16641","Kim","Ortiz"
"31","martinezchristopher@gmail.com","pbkdf2:sha256:600000$GdCA5cPcH7rDEaZI$58faeba6f334d5a4032c0e38ef9304f57075763d8464b959c5c2f9516238d5e0","Kristin","Ibarra"
"32","qstark@yahoo.com","pbkdf2:sha256:600000$L7Oxoelcv7URi5AE$0459f6c8d5c561c4db18adf4de5128c7129c86a03cf719cdc6f4cb599de1a29e","Eric","Taylor"
"33","waynebarnes@yahoo.com","pbkdf2:sha256:600000$5Yr4Zn6T7aVaBFLm$8b4bb9d5bdb3c802c891211f2c29cf70b70b3dc3789a413bb92b1996c2ea884a","Daniel","Mccall"
"34","vschneider@gmail.com","pbkdf2:sha256:600000$E6YxmSgL3w0Pt8uo$47395ee0aeb4488f6fcd7fca0116211b0f2fa1b35c78676824a9096108594c3a","Brian","Kelly"
"35","ostone@gmail.com","pbkdf2:sha256:600000$Weekl1UE8uFXFJyo$9063373e890cce1613c30c9fd5440f222382c06a8a6ec67d250101dd3cad6392","Abigail","Hoover"
"36","blewis@hotmail.com","pbkdf2:sha256:600000$4JikpAUNtLyAYTrG$98500df03214922e3d28f5805a00f048cda8fb2d53e83ff7a33a8bdf85a044dd","Ashley","Williams"
"37","hbrown@gmail.com","pbkdf2:sha256:600000$34bA3dOSQepAUg6Z$a517cfa933ef4dfb8ab931a2f0e334880b3c3304144291d3029e6162ea569b1a","Edward","Hill"
"38","joylowe@yahoo.com","pbkdf2:sha256:600000$Y5jw6ZrgRAqn0Jeh$7aae7a9f06dd4727159bbc85b5e0d9f28c5cdbde969e29354f5fc3aabe4cb67f","Chad","Bridges"
"39","sandygarcia@gmail.com","pbkdf2:sha256:600000$yK7Sf1Zy8cLEqV7R$f0e365854975ec9aa4e0c18f74bbdb1bec1a733a8f1b0a29de42e5306c252579","Dalton","Fritz"
"40","nbaker@gmail.com","pbkdf2:sha256:600000$yXqfVjJs2bY4btkU$b5c14da663379f4a88c54b9689ec45a4275bc96f979d2f45c9f95368955a7c54","Erica","Vega"
"41","jenniferbaldwin@hotmail.com","pbkdf2:sha256:600000$r5isFsAfoTOsslGz$5d50ec1cd152d44624dfde6cfbd0be6db771958097c6feb355a8443b62d814f2","Dawn","Russell"
"42","codyherring@hotmail.com","pbkdf2:sha256:600000$aKO7bvjcUjV9vMZV$6a213f328057564ac90f70e4ee588424102bccf06e5cb23588248eecc2a09693","Erica","Le"
"43","tgilmore@yahoo.com","pbkdf2:sha256:600000$GtHybzIrM8Gy1YcX$5a8bef977ef8d9a0e92b18b6341c04fe3b3ac6a770787d8569eced9096bfb564","Kenneth","Castro"
"44","justinbonilla@hotmail.com","pbkdf2:sha256:600000$iwCrfaGdtsnVPoRL$ec73a48a09ffa5eb5e9466cb4ee1a57b2ae6cba381d1a9151cd9a823be1d3796","Daniel","Patterson"
"45","webereric@hotmail.com","pbkdf2:sha256:600000$6KOU7uNzNYZmSWlY$9e7a0c444954ebab98d174f2999b657648a79a199e45adabe0ae6713d41f7466","Douglas","Yates"
"46","denisetaylor@gmail.com","pbkdf2:sha256:600000$cFjOhxKRGZ5JZOrB$83fcc8bb05a39399bcf9cab67e5f4e19006144e2d5bc0d493a1f720e91d25ed4","David","Steele"
"47","jyoung@gmail.com","pbkdf2:sha256:600000$EbsDMDNMuTGKfBiL$87b328667c4a939cd5e1b6cddaaea23a54fb4bd8f95919b3964f4d5324c00679","Christopher","Green"
"48","upeters@hotmail.com","pbkdf2:sha256:600000$aBoXYeMOckNGUPSQ$1717cd3539765cd003ca9e9538279768acd0dc3efaddb461de5b44ba493a94ae","Maria","Valentine"
"49","torreskyle@hotmail.com","pbkdf2:sha256:600000$H8sF8bChisrgNdC0$12f9ddc9df7e49cbacea19249d0b15bcd06d2141b97017cf2fc3dd0908743040","Beverly","Taylor"
"50","christopher91@gmail.com","pbkdf2:sha256:600000$FiXKSDXQI27VeEXQ$8bbd694512363ba9300ff0e3bca38db71dbbc11c298733811984165a79a96eb2","Kristin","Alvarez"
"51","yolandabraun@gmail.com","pbkdf2:sha256:600000$wgT5zadQt2ZVAVUX$51bcca1cfa36f5a294ff66ad967c5aa7e3b68b5074e7690a32b31aca8f2f91e0","Scott","Lawrence"
"52","olsonjohn@gmail.com","pbkdf2:sha256:600000$PtphiqSKYykUkabS$0843ba4953da2eff376e1894bef28698efaf4c1051f882966b96304919fdc988","Perry","Jr."
"53","erin71@yahoo.com","pbkdf2:sha256:600000$hUkFg7kQ86TLLkCZ$ef9bee26966125dca15ef5560f44e22b4f1c0c4499a30cfc79be863e3340f2b3","David","Rivera"
"54","kelly22@hotmail.com","pbkdf2:sha256:600000$lh9V3r3NEA3lXzsK$d654979d9deaae50d773ec4af18bea8ac375679eb4e2d7dfab516a7c39e95dbc","Shannon","Rivera"
"55","beverlysmith@yahoo.com","pbkdf2:sha256:600000$YoS6djgVTaGouLMd$1d58bafffe72b74281e7c8495511c556b4974527d1b81276b94bca55f6354283","Katherine","Smith"
"56","ktucker@hotmail.com","pbkdf2:sha256:600000$M6XHyTyvcUFx4jEE$6a909bba477b0388a73eddca54acb275fe943c28aefa5fbde54a0a03fe083fda","Elaine","Morris"
"57","gordon43@hotmail.com","pbkdf2:sha256:600000$cuqISSZckpAp8Xni$c02a1ca886efd1f9793b17ab6f8459931e5a95e9e7c4c8cdb92f70ff097849a8","Wayne","Reed"
"58","kennethwashington@gmail.com","pbkdf2:sha256:600000$mau1C3fQxxNCQ1gN$496329ce8115a25b81b65449307123ea8e00f48f4336eff2abb4cc455e23653a","Jennifer","Marsh"
"59","zharris@hotmail.com","pbkdf2:sha256:600000$ZJRPElVWgDm9zFQM$e765672bee5ff3135261a0aa5507fde64ea0594f33a9a96a00fb217385f2e548","Richard","Haynes"
"60","davidlewis@gmail.com","pbkdf2:sha256:600000$Mr7AKw09cJCxvQJ8$5fc1e0b2edae68f0fb1239da0c95ae7dca6134b309c3196d7d60e5e60097a1a5","Sean","Jackson"
"61","joshuakent@yahoo.com","pbkdf2:sha256:600000$4uKd7hjTkZguLZi8$b341b1da8f760f5e3bec83d506cd3b40829159f53c9b29898edd5870624c3276","Billy","Graham"
"62","tammy10@yahoo.com","pbkdf2:sha256:600000$koSd08sJn1d7OyJX$f7f818fd5a382226a6057c4a589332ebd51f9caca66f33a0236aa4b95375cd9d","Christopher","Mitchell"
"63","christianhernandez@gmail.com","pbkdf2:sha256:600000$ZZ68DUewG0nBtIZ4$3471e4477c2b91627ee0539b73fd5d0ed2a224560a93c9c44df5bdbe274029b3","Jeffrey","Griffin"
"64","randallwendy@yahoo.com","pbkdf2:sha256:600000$ot6Imh7gMV5VMlTw$8f0b0036f9e04a86e9e7d845ec1d4c164a41c5e177783d57c970ec1d2d85b375","Chase","Foley"
"65","heathercrawford@yahoo.com","pbkdf2:sha256:600000$vrLygQoESNoQkajs$6e00ddc9b639bc611b2d53866beab767d213199fb0252b39c5694f50e733f2ae","Matthew","Cisneros"
"66","pauldiaz@gmail.com","pbkdf2:sha256:600000$RX5Q3XydWf1ttBYB$ae4f62029f2fb38ca866a44e1c7f6f60922d2bb67eec9cea9086528201d90ea8","Tyler","Pace"
"67","victorlewis@gmail.com","pbkdf2:sha256:600000$bxfEC71fSyb3cIoi$f5f2688253b81a78d86d9d85eb74ab7c8b72d49ab6331a6f0aa2f3ff70e98da8","Matthew","Beltran"
"68","armstrongcolleen@gmail.com","pbkdf2:sha256:600000$LwEslofYEbpOGUa4$5861425728a6830ebaff4adee999011cb229096a55779b82a2591c5f8d6014be","Sandra","Powell"
"69","mwade@hotmail.com","pbkdf2:sha256:600000$muVka9NxeYiY42KK$566de3132fd2f663185b5aa477e290b6205fde47014bb255831f818cd0bc2ec5","Matthew","Jones"
"70","kristinperry@yahoo.com","pbkdf2:sha256:600000$PCBzPGGpGAHl3ML1$5330c73c83a432cceaf9a761419f230e38e672cd97fd0bc8642b57cce40e3094","Jacob","Roy"
"71","cbrown@yahoo.com","pbkdf2:sha256:600000$MrWpnEeeqZj78PYv$765b725a34afa218e6716666468844c20653a4e3a3111c629bd4549db2606e35","Shannon","Boyd"
"72","patricklopez@hotmail.com","pbkdf2:sha256:600000$7sdkl2qPmQonA4kV$0ff1bc5f86fd3e980ad78780e1d0b0f4194f3abdabb5da47cde60b2b335a8bdb","Jessica","Wilson"
"73","osanders@gmail.com","pbkdf2:sha256:600000$kt7lYuPVmf41CINo$2f25db69b051ff2cb2893a7528ecc525758df5654a986af59aeed45176d05d88","Keith","Ramsey"
"74","sharon91@hotmail.com","pbkdf2:sha256:600000$3F41sEH2ppE2p2ZD$439d4b3127911f749a18805fcd579be32bc496a92cb9b716d0dc76094de20de8","Lori","Dominguez"
"75","privera@gmail.com","pbkdf2:sha256:600000$vwgwZ0qyQ1SI9kys$2b80f3daba7b7c4744e5d44e66f6a7fbc9676ebe90d1965c7905327aa703542f","Patricia","Pearson"
"76","brian64@yahoo.com","pbkdf2:sha256:600000$xTPrRFDyj6T3rmg3$b2687703904d421854e30dbf6a653ad9ccb421527f5f9b493cb2a1045091c041","Alan","Pineda"
"77","diazfrank@yahoo.com","pbkdf2:sha256:600000$QsFCE0LzGEw0mkIP$ecfa641d064be3b6b5f332db08e95a817caddebd01faa31877c38c05d78f56c2","Jamie","Clark"
"78","qferrell@hotmail.com","pbkdf2:sha256:600000$z2j0esuQc7SRcPzj$80b992d10a77e0e853da97cfdad6b80250492e176c3393c4405c5f17ed4b0e64","Tracey","Bartlett"
"79","patrick19@yahoo.com","pbkdf2:sha256:600000$sC74ZKdHMdOcMwEz$9771d37f590ac6d4463665a132bd34ab278c77c3a2bc0632ce8c623407a2d784","John","Coleman"
"80","derek56@hotmail.com","pbkdf2:sha256:600000$YLDIuMjNLOUhtAVL$062b7cee8578c45dbc11fa138a0043859a4624acdca026dfb1de38658100b787","Edward","Ochoa"
"81","jacob95@gmail.com","pbkdf2:sha256:600000$n6SemsgAQDOO2Wv4$f7424d1df9efd9dcfd38b6adb4062845783b1cb8e93f129230f8ea7f4187ad0a","Sheri","Jennings"
"82","ppatel@gmail.com","pbkdf2:sha256:600000$Di1aWqgqYvnwcpeU$0e5e723d88ff1af7770e697aa6aff9f14e5a8bef31e8e2ee527d1a6643c6680a","Deanna","Holt"
"83","nicholasmorgan@hotmail.com","pbkdf2:sha256:600000$CuPXFh4t6lOh4UrU$e592316930043b3d57ae13184342c4d7ca84f46d6e1028219e0f8b9401c13318","Larry","Palmer"
"84","dwells@hotmail.com","pbkdf2:sha256:600000$gj7km7wGqeKqMIkG$4f18023cfaeca4ccc73d2af9f9fbc0f904f8ac4c1cee0bcf1816ed6885ac38c8","Kristina","Higgins"
"85","amyporter@yahoo.com","pbkdf2:sha256:600000$HBRcJeerjqgUtvD4$8c63676da1ac233725ad3a0a550c7063dc877af760d8ff27a46fd0e1e1018831","Shawn","Matthews"
"86","lindseylynch@hotmail.com","pbkdf2:sha256:600000$4KmgfnIU8MgwQ5PQ$4faf857123910cca305ede14dffd25204a22ea1541ca6d57377d76dc90f8c5be","Leslie","Pugh"
"87","lcollins@gmail.com","pbkdf2:sha256:600000$WkMvxBAXlW842VCW$f310ef07dd27bb6312f8aa7935329530347a65ef24eecb3500ed82f01635f39e","James","Rodriguez"
"88","john71@hotmail.com","pbkdf2:sha256:600000$jkVKI6tths45IWpp$4add57eeaa76af0f5120c1bc875dc80880f21eed656498c990d29954d5ae841f","George","Butler"
"89","deborah72@hotmail.com","pbkdf2:sha256:600000$k26oW45ZipFAmlhl$3fd7145b2c22995602dc4b6dce37569efee75ac2bb9675592976d6d79f0489d3","Shawn","Gregory"
"90","irwinwyatt@gmail.com","pbkdf2:sha256:600000$6ZqZH8Dz8nK8b5rb$45dae05ad4a63d45458fdaf23bfb115ec3e5bb98034ee81f1ddab6ed80c77ac0","David","DDS"
"91","pbrown@yahoo.com","pbkdf2:sha256:600000$nmMC13vTHgGYORAO$4b02cf259621d3b2d5b2891e2b5e718f1d9e5efc57f48ee21345cde88afeb112","Mark","Chapman"
"92","elizabethyang@gmail.com","pbkdf2:sha256:600000$eUXH3hRFFGAtIlvl$79c05729ca9268bebb4f5e9e2ae2996917f1499bfc8b311b08e75f97681e5738","Savannah","Miller"
"93","zwilson@hotmail.com","pbkdf2:sha256:600000$Rv7l47wVJX0wObuO$6a711dfc8d355fc3c7c7eb364617945a2954fbe33e603e9fe2d331cdd7811dd3","Matthew","Doyle"
"94","drakefrederick@hotmail.com","pbkdf2:sha256:600000$JPdZrQqKfd8KkkDH$3f6cc11a5c3d3c93eb038aeb752bc372db43d23cd685deab7c31ba3a9529ce82","Daniel","Carter"
"95","mforbes@yahoo.com","pbkdf2:sha256:600000$ymwlaVLFVfYL8RIC$92711584d32cee3fa7c385a4833744dec22f6ba3fa8b83a6862d03f540cc39fd","Donald","Ponce"
"96","hillshelley@gmail.com","pbkdf2:sha256:600000$j9bpNVa36FntoSKX$07156f7ea4db24158171e6c83312603a7e1b0971b59edf2ed76a0d3cea083594","Dr.","IV"
"97","brittanymendoza@gmail.com","pbkdf2:sha256:600000$WgGWe1WJGQ0qw5nP$7bd4fc221f3c97b0c63f5ffb3987eadd4cad969d30f5365fe10bc167b08d9941","Adrienne","Friedman"
"98","taylor42@yahoo.com","pbkdf2:sha256:600000$KAT4FJe38frfrA4P$f8400be901649fff49bfdc4db521f1d51e1baaf3b95462c4c885936cd071048b","Justin","Adams"
"99","jacksonlori@gmail.com","pbkdf2:sha256:600000$lflb5s7C6WB1Bi4C$ec53d3e78b13e4f18739d7ea650e26c289ce9c1d557b8a63d2bd526acc0d92c4","Michelle","Welch"
