0,ava0@example.com,scrypt:32768:8:1$qRmE9yc5VJpWRHgR$0d73be83919cfeb234c674f0d60a692fab8f182a54393355c3c7b25f5c03c9aa0d9597e5563b10f5d5ecef43f0fad8479251155ef37a23ca45bed1a99608e977,Ava,Thompson,"431 Willow Ln, Durham, NC",220.60,TRUE,2024-10-28 09:00:00
1,liam1@example.com,scrypt:32768:8:1$qRmE9yc5VJpWRHgR$0d73be83919cfeb234c674f0d60a692fab8f182a54393355c3c7b25f5c03c9aa0d9597e5563b10f5d5ecef43f0fad8479251155ef37a23ca45bed1a99608e977,Liam,Patel,"619 Birch St, Cary, NC",202.39,FALSE,2024-06-25 01:00:00
2,sofia2@example.com,scrypt:32768:8:1$qRmE9yc5VJpWRHgR$0d73be83919cfeb234c674f0d60a692fab8f182a54393355c3c7b25f5c03c9aa0d9597e5563b10f5d5ecef43f0fad8479251155ef37a23ca45bed1a99608e977,Sofia,Martinez,"534 Oak Way, Cary, NC",622.97,FALSE,2024-10-28 09:00:00
3,ethan3@example.com,scrypt:32768:8:1$qRmE9yc5VJpWRHgR$0d73be83919cfeb234c674f0d60a692fab8f182a54393355c3c7b25f5c03c9aa0d9597e5563b10f5d5ecef43f0fad8479251155ef37a23ca45bed1a99608e977,Ethan,Chen,"690 Lakeview St, Chapel Hill, NC",367.21,FALSE,2024-07-08 01:00:00
4,mia4@example.com,scrypt:32768:8:1$qRmE9yc5VJpWRHgR$0d73be83919cfeb234c674f0d60a692fab8f182a54393355c3c7b25f5c03c9aa0d9597e5563b10f5d5ecef43f0fad8479251155ef37a23ca45bed1a99608e977,Mia,Johnson,"220 Highland Way, Raleigh, NC",629.19,TRUE,2024-09-04 11:00:00
5,noah5@example.com,scrypt:32768:8:1$qRmE9yc5VJpWRHgR$0d73be83919cfeb234c674f0d60a692fab8f182a54393355c3c7b25f5c03c9aa0d9597e5563b10f5d5ecef43f0fad8479251155ef37a23ca45bed1a99608e977,Noah,Brown,"660 Cedar Way, Durham, NC",522.31,FALSE,2024-10-15 21:00:00
6,olivia6@example.com,scrypt:32768:8:1$qRmE9yc5VJpWRHgR$0d73be83919cfeb234c674f0d60a692fab8f182a54393355c3c7b25f5c03c9aa0d9597e5563b10f5d5ecef43f0fad8479251155ef37a23ca45bed1a99608e977,Olivia,Davis,"895 Laurel Ln, Holly Springs, NC",421.19,FALSE,2024-08-03 13:00:00
7,mason7@example.com,scrypt:32768:8:1$qRmE9yc5VJpWRHgR$0d73be83919cfeb234c674f0d60a692fab8f182a54393355c3c7b25f5c03c9aa0d9597e5563b10f5d5ecef43f0fad8479251155ef37a23ca45bed1a99608e977,Mason,Clark,"815 River St, Holly Springs, NC",521.34,FALSE,2024-08-27 22:00:00
8,isabella8@example.com,scrypt:32768:8:1$qRmE9yc5VJpWRHgR$0d73be83919cfeb234c674f0d60a692fab8f182a54393355c3c7b25f5c03c9aa0d9597e5563b10f5d5ecef43f0fad8479251155ef37a23ca45bed1a99608e977,Isabella,Lopez,"394 Cedar St, Morrisville, NC",717.86,TRUE,2024-07-09 23:00:00
9,lucas9@example.com,scrypt:32768:8:1$qRmE9yc5VJpWRHgR$0d73be83919cfeb234c674f0d60a692fab8f182a54393355c3c7b25f5c03c9aa0d9597e5563b10f5d5ecef43f0fad8479251155ef37a23ca45bed1a99608e977,Lucas,Nguyen,"531 Oak Drive, Cary, NC",579.77,FALSE,2024-08-20 18:00:00
10,harper10@example.com,scrypt:32768:8:1$qRmE9yc5VJpWRHgR$0d73be83919cfeb234c674f0d60a692fab8f182a54393355c3c7b25f5c03c9aa0d9597e5563b10f5d5ecef43f0fad8479251155ef37a23ca45bed1a99608e977,Harper,Scott,"811 Summit Way, Garner, NC",492.15,FALSE,2024-06-24 16:00:00
11,elijah11@example.com,scrypt:32768:8:1$qRmE9yc5VJpWRHgR$0d73be83919cfeb234c674f0d60a692fab8f182a54393355c3c7b25f5c03c9aa0d9597e5563b10f5d5ecef43f0fad8479251155ef37a23ca45bed1a99608e977,Elijah,Reed,"585 Cedar St, Apex, NC",894.82,FALSE,2024-09-23 17:00:00
12,amelia12@example.com,scrypt:32768:8:1$qRmE9yc5VJpWRHgR$0d73be83919cfeb234c674f0d60a692fab8f182a54393355c3c7b25f5c03c9aa0d9597e5563b10f5d5ecef43f0fad8479251155ef37a23ca45bed1a99608e977,Amelia,Brooks,"833 Lakeview Drive, Hillsborough, NC",416.60,TRUE,2024-06-30 23:00:00
13,henry13@example.com,scrypt:32768:8:1$qRmE9yc5VJpWRHgR$0d73be83919cfeb234c674f0d60a692fab8f182a54393355c3c7b25f5c03c9aa0d9597e5563b10f5d5ecef43f0fad8479251155ef37a23ca45bed1a99608e977,Henry,Walker,"160 Birch Rd, Raleigh, NC",448.42,FALSE,2024-10-06 10:00:00
14,chloe14@example.com,scrypt:32768:8:1$qRmE9yc5VJpWRHgR$0d73be83919cfeb234c674f0d60a692fab8f182a54393355c3c7b25f5c03c9aa0d9597e5563b10f5d5ecef43f0fad8479251155ef37a23ca45bed1a99608e977,Chloe,Turner,"270 Briar Ln, Morrisville, NC",252.69,FALSE,2024-09-20 01:00:00
15,logan15@example.com,scrypt:32768:8:1$qRmE9yc5VJpWRHgR$0d73be83919cfeb234c674f0d60a692fab8f182a54393355c3c7b25f5c03c9aa0d9597e5563b10f5d5ecef43f0fad8479251155ef37a23ca45bed1a99608e977,Logan,Flores,"385 Edgewood Rd, Wake Forest, NC",263.19,FALSE,2024-07-16 12:00:00
16,aria16@example.com,scrypt:32768:8:1$qRmE9yc5VJpWRHgR$0d73be83919cfeb234c674f0d60a692fab8f182a54393355c3c7b25f5c03c9aa0d9597e5563b10f5d5ecef43f0fad8479251155ef37a23ca45bed1a99608e977,Aria,Ramirez,"337 River St, Garner, NC",286.76,TRUE,2024-08-12 08:00:00
17,james17@example.com,scrypt:32768:8:1$qRmE9yc5VJpWRHgR$0d73be83919cfeb234c674f0d60a692fab8f182a54393355c3c7b25f5c03c9aa0d9597e5563b10f5d5ecef43f0fad8479251155ef37a23ca45bed1a99608e977,James,Sanchez,"249 Edgewood Way, Hillsborough, NC",388.96,FALSE,2024-07-04 00:00:00
18,layla18@example.com,scrypt:32768:8:1$qRmE9yc5VJpWRHgR$0d73be83919cfeb234c674f0d60a692fab8f182a54393355c3c7b25f5c03c9aa0d9597e5563b10f5d5ecef43f0fad8479251155ef37a23ca45bed1a99608e977,Layla,Evans,"732 Oak Ln, Morrisville, NC",449.23,FALSE,2024-06-27 23:00:00
19,jackson19@example.com,scrypt:32768:8:1$qRmE9yc5VJpWRHgR$0d73be83919cfeb234c674f0d60a692fab8f182a54393355c3c7b25f5c03c9aa0d9597e5563b10f5d5ecef43f0fad8479251155ef37a23ca45bed1a99608e977,Jackson,Morgan,"749 Lakeview St, Chapel Hill, NC",480.47,FALSE,2024-06-29 18:00:00
20,ella20@example.com,scrypt:32768:8:1$qRmE9yc5VJpWRHgR$0d73be83919cfeb234c674f0d60a692fab8f182a54393355c3c7b25f5c03c9aa0d9597e5563b10f5d5ecef43f0fad8479251155ef37a23ca45bed1a99608e977,Ella,Parker,"715 Oak St, Durham, NC",552.46,TRUE,2024-09-03 03:00:00
21,sebastian21@example.com,scrypt:32768:8:1$qRmE9yc5VJpWRHgR$0d73be83919cfeb234c674f0d60a692fab8f182a54393355c3c7b25f5c03c9aa0d9597e5563b10f5d5ecef43f0fad8479251155ef37a23ca45bed1a99608e977,Sebastian,Collins,"126 Cedar Ave, Holly Springs, NC",625.81,FALSE,2024-08-29 03:00:00
22,grace22@example.com,scrypt:32768:8:1$qRmE9yc5VJpWRHgR$0d73be83919cfeb234c674f0d60a692fab8f182a54393355c3c7b25f5c03c9aa0d9597e5563b10f5d5ecef43f0fad8479251155ef37a23ca45bed1a99608e977,Grace,Stewart,"472 Sycamore St, Cary, NC",894.83,FALSE,2024-09-28 23:00:00
23,carter23@example.com,scrypt:32768:8:1$qRmE9yc5VJpWRHgR$0d73be83919cfeb234c674f0d60a692fab8f182a54393355c3c7b25f5c03c9aa0d9597e5563b10f5d5ecef43f0fad8479251155ef37a23ca45bed1a99608e977,Carter,Ortiz,"595 Highland St, Raleigh, NC",705.26,FALSE,2024-10-01 13:00:00
24,scarlett24@example.com,scrypt:32768:8:1$qRmE9yc5VJpWRHgR$0d73be83919cfeb234c674f0d60a692fab8f182a54393355c3c7b25f5c03c9aa0d9597e5563b10f5d5ecef43f0fad8479251155ef37a23ca45bed1a99608e977,Scarlett,Perez,"628 Maple Ave, Morrisville, NC",667.55,TRUE,2024-06-08 00:00:00
25,wyatt25@example.com,scrypt:32768:8:1$qRmE9yc5VJpWRHgR$0d73be83919cfeb234c674f0d60a692fab8f182a54393355c3c7b25f5c03c9aa0d9597e5563b10f5d5ecef43f0fad8479251155ef37a23ca45bed1a99608e977,Wyatt,Jenkins,"405 Cedar Drive, Apex, NC",831.19,FALSE,2024-08-31 15:00:00
26,victoria26@example.com,scrypt:32768:8:1$qRmE9yc5VJpWRHgR$0d73be83919cfeb234c674f0d60a692fab8f182a54393355c3c7b25f5c03c9aa0d9597e5563b10f5d5ecef43f0fad8479251155ef37a23ca45bed1a99608e977,Victoria,Wells,"645 Laurel Drive, Chapel Hill, NC",741.30,FALSE,2024-07-20 15:00:00
27,julian27@example.com,scrypt:32768:8:1$qRmE9yc5VJpWRHgR$0d73be83919cfeb234c674f0d60a692fab8f182a54393355c3c7b25f5c03c9aa0d9597e5563b10f5d5ecef43f0fad8479251155ef37a23ca45bed1a99608e977,Julian,Hicks,"937 Lakeview Drive, Chapel Hill, NC",416.67,FALSE,2024-06-08 08:00:00
28,nora28@example.com,scrypt:32768:8:1$qRmE9yc5VJpWRHgR$0d73be83919cfeb234c674f0d60a692fab8f182a54393355c3c7b25f5c03c9aa0d9597e5563b10f5d5ecef43f0fad8479251155ef37a23ca45bed1a99608e977,Nora,Payne,"909 Sunset Ln, Apex, NC",867.39,TRUE,2024-09-23 19:00:00
29,levi29@example.com,scrypt:32768:8:1$qRmE9yc5VJpWRHgR$0d73be83919cfeb234c674f0d60a692fab8f182a54393355c3c7b25f5c03c9aa0d9597e5563b10f5d5ecef43f0fad8479251155ef37a23ca45bed1a99608e977,Levi,Howard,"473 Cedar Ave, Cary, NC",403.30,FALSE,2024-10-03 03:00:00
30,penelope30@example.com,scrypt:32768:8:1$qRmE9yc5VJpWRHgR$0d73be83919cfeb234c674f0d60a692fab8f182a54393355c3c7b25f5c03c9aa0d9597e5563b10f5d5ecef43f0fad8479251155ef37a23ca45bed1a99608e977,Penelope,Riley,"724 Maple Ln, Hillsborough, NC",213.58,FALSE,2024-07-01 20:00:00
31,ezra31@example.com,scrypt:32768:8:1$qRmE9yc5VJpWRHgR$0d73be83919cfeb234c674f0d60a692fab8f182a54393355c3c7b25f5c03c9aa0d9597e5563b10f5d5ecef43f0fad8479251155ef37a23ca45bed1a99608e977,Ezra,Bishop,"901 Birch Ln, Raleigh, NC",626.88,FALSE,2024-06-23 20:00:00
32,lily32@example.com,scrypt:32768:8:1$qRmE9yc5VJpWRHgR$0d73be83919cfeb234c674f0d60a692fab8f182a54393355c3c7b25f5c03c9aa0d9597e5563b10f5d5ecef43f0fad8479251155ef37a23ca45bed1a99608e977,Lily,Hansen,"574 Lakeview Drive, Cary, NC",277.50,TRUE,2024-07-03 08:00:00
33,mateo33@example.com,scrypt:32768:8:1$qRmE9yc5VJpWRHgR$0d73be83919cfeb234c674f0d60a692fab8f182a54393355c3c7b25f5c03c9aa0d9597e5563b10f5d5ecef43f0fad8479251155ef37a23ca45bed1a99608e977,Mateo,Little,"254 Briar Drive, Raleigh, NC",596.90,FALSE,2024-09-30 19:00:00
34,hannah34@example.com,scrypt:32768:8:1$qRmE9yc5VJpWRHgR$0d73be83919cfeb234c674f0d60a692fab8f182a54393355c3c7b25f5c03c9aa0d9597e5563b10f5d5ecef43f0fad8479251155ef37a23ca45bed1a99608e977,Hannah,Reeves,"259 Willow St, Durham, NC",694.78,FALSE,2024-06-28 00:00:00
35,hudson35@example.com,scrypt:32768:8:1$qRmE9yc5VJpWRHgR$0d73be83919cfeb234c674f0d60a692fab8f182a54393355c3c7b25f5c03c9aa0d9597e5563b10f5d5ecef43f0fad8479251155ef37a23ca45bed1a99608e977,Hudson,Ng,"867 Willow Ln, Chapel Hill, NC",308.28,FALSE,2024-08-04 14:00:00
36,zoe36@example.com,scrypt:32768:8:1$qRmE9yc5VJpWRHgR$0d73be83919cfeb234c674f0d60a692fab8f182a54393355c3c7b25f5c03c9aa0d9597e5563b10f5d5ecef43f0fad8479251155ef37a23ca45bed1a99608e977,Zoe,Cooper,"399 River Way, Hillsborough, NC",464.26,TRUE,2024-07-04 09:00:00
37,caleb37@example.com,scrypt:32768:8:1$qRmE9yc5VJpWRHgR$0d73be83919cfeb234c674f0d60a692fab8f182a54393355c3c7b25f5c03c9aa0d9597e5563b10f5d5ecef43f0fad8479251155ef37a23ca45bed1a99608e977,Caleb,Foster,"857 Summit Ln, Holly Springs, NC",537.57,FALSE,2024-10-07 12:00:00
38,aurora38@example.com,scrypt:32768:8:1$qRmE9yc5VJpWRHgR$0d73be83919cfeb234c674f0d60a692fab8f182a54393355c3c7b25f5c03c9aa0d9597e5563b10f5d5ecef43f0fad8479251155ef37a23ca45bed1a99608e977,Aurora,Fuller,"644 Willow Way, Morrisville, NC",732.38,FALSE,2024-06-02 12:00:00
39,thomas39@example.com,scrypt:32768:8:1$qRmE9yc5VJpWRHgR$0d73be83919cfeb234c674f0d60a692fab8f182a54393355c3c7b25f5c03c9aa0d9597e5563b10f5d5ecef43f0fad8479251155ef37a23ca45bed1a99608e977,Thomas,Gibson,"276 Willow Ln, Holly Springs, NC",567.36,FALSE,2024-08-24 00:00:00
